{
  "id": "2258472",
  "name": "font",
  "font_family": "iconfont",
  "css_prefix_text": "icon-",
  "description": "",
  "glyphs": [
    {
      "icon_id": "6887888",
      "name": "右箭头",
      "font_class": "youjiantou",
      "unicode": "e610",
      "unicode_decimal": 58896
    },
    {
      "icon_id": "3399309",
      "name": "购物车",
      "font_class": "gwc",
      "unicode": "e674",
      "unicode_decimal": 58996
    },
    {
      "icon_id": "2674929",
      "name": "箭头 下",
      "font_class": "jiantouxia",
      "unicode": "e62d",
      "unicode_decimal": 58925
    },
    {
      "icon_id": "6684308",
      "name": "微信",
      "font_class": "weixin1",
      "unicode": "e637",
      "unicode_decimal": 58935
    },
    {
      "icon_id": "9186710",
      "name": "QQ空间",
      "font_class": "QQkongjian",
      "unicode": "e666",
      "unicode_decimal": 58982
    },
    {
      "icon_id": "17447555",
      "name": "微博",
      "font_class": "28",
      "unicode": "e617",
      "unicode_decimal": 58903
    },
    {
      "icon_id": "883904",
      "name": "电话 (2)",
      "font_class": "dianhua2",
      "unicode": "e611",
      "unicode_decimal": 58897
    },
    {
      "icon_id": "1638205",
      "name": "位置",
      "font_class": "weizhi",
      "unicode": "e60f",
      "unicode_decimal": 58895
    },
    {
      "icon_id": "12752730",
      "name": "邮箱",
      "font_class": "youxiang_huaban",
      "unicode": "e627",
      "unicode_decimal": 58919
    },
    {
      "icon_id": "1435192",
      "name": "电话",
      "font_class": "dianhua",
      "unicode": "e623",
      "unicode_decimal": 58915
    },
    {
      "icon_id": "6154432",
      "name": "微信",
      "font_class": "weixin",
      "unicode": "e82c",
      "unicode_decimal": 59436
    },
    {
      "icon_id": "6756291",
      "name": "微博",
      "font_class": "weibo",
      "unicode": "e608",
      "unicode_decimal": 58888
    },
    {
      "icon_id": "1110411",
      "name": "下箭头",
      "font_class": "jiantou9",
      "unicode": "e60b",
      "unicode_decimal": 58891
    },
    {
      "icon_id": "2210060",
      "name": "导航",
      "font_class": "daohang",
      "unicode": "e62b",
      "unicode_decimal": 58923
    },
    {
      "icon_id": "3219722",
      "name": "收藏",
      "font_class": "shoucang",
      "unicode": "e694",
      "unicode_decimal": 59028
    }
  ]
}
